{
    "components": [
        {
            "cachedName": "LWJGL 2",
            "cachedVersion": "2.9.0",
            "cachedVolatile": true,
            "dependencyOnly": true,
            "uid": "org.lwjgl",
            "version": "2.9.0"
        },
        {
            "cachedName": "Minecraft",
            "cachedRequires": [
                {
                    "suggests": "2.9.0",
                    "uid": "org.lwjgl"
                }
            ],
            "cachedVersion": "1.2.1",
            "important": true,
            "uid": "net.minecraft",
            "version": "1.2.1"
        }
    ],
    "formatVersion": 1
}
